StudentID,PredictedGradeClass,prob_0.0,prob_1.0,prob_2.0,prob_3.0,prob_4.0
2005,4.0,0.0791626071241218,0.15449668140481573,0.07654797252186832,0.23520697383339226,0.454585765115802
1197,2.0,0.15756814627115054,0.15479828237073975,0.30663718834607484,0.1799372556781297,0.2010591273339052
3343,4.0,0.20933838556980028,0.24290010063754308,0.12035764647233346,0.14810598561491886,0.27929788170540437
2709,0.0,0.3313468269403533,0.2587709834016001,0.29063500940388265,0.10300510114616654,0.01624207910799734
1436,4.0,0.015604273835789374,0.02807743139576427,0.049531263657316686,0.09847295505504555,0.8083140760560841
1322,0.0,0.36856270267946173,0.3399833281142241,0.18810734034554202,0.08245570954755595,0.020890919313216204
2473,1.0,0.27855009799068914,0.38515657097049205,0.17650500444186465,0.11940902259524747,0.04037930400170658
2704,1.0,0.2626566771659283,0.4382514477224107,0.18885387407659662,0.07968899950238506,0.030549001532679313
1901,0.0,0.32638447184569086,0.23511882934677775,0.18080079366880017,0.14276499066212067,0.11493091447661052
2058,4.0,0.03141673133957422,0.07730314601708142,0.0724896329947678,0.15369696760199442,0.6650935220465822
3214,1.0,0.16734474892728876,0.29003943283675204,0.17174295088205976,0.252187375097766,0.11868549225613337
1576,4.0,0.038500877428634034,0.02321842844148077,0.11834590596710302,0.12172785594165048,0.6982069322211317
2164,1.0,0.3349119664706489,0.39637661408808306,0.19512837162571928,0.06333586796951661,0.010247179846032177
3315,1.0,0.2393756754026762,0.3139327807052782,0.1633352787666,0.19538655324866264,0.08796971187678287
1612,0.0,0.423006641128036,0.29473318330139636,0.20166257425042536,0.06780836169047126,0.012789239629671014
1433,4.0,0.04714192318962321,0.048046657866494286,0.10753482738061738,0.14060852068118587,0.6566680708820792
2736,4.0,0.10187828287808191,0.055549094807251766,0.11656930847326409,0.23493213650572603,0.4910711773356762
2135,0.0,0.2861100184569653,0.2373212199907432,0.22613674976158046,0.17847565576220295,0.07195635602850796
2992,1.0,0.13615833074758332,0.28471702914910213,0.276338399096806,0.16377268271382595,0.13901355829268264
1651,0.0,0.4073983094718222,0.39273486928287554,0.13499867450205666,0.0567185934754253,0.008149553267820268
3103,4.0,0.1757038016858167,0.17358913024492792,0.19522251792031756,0.22339858621291453,0.23208596393602315
2564,3.0,0.15387406258333275,0.141406433470067,0.20915408184004705,0.25370065839245487,0.24186476371409826
3027,4.0,0.18887828768916604,0.15374652012990572,0.17805478409290762,0.20416412901655892,0.2751562790714617
1135,0.0,0.40334067847145777,0.24459545438188246,0.25976637521383267,0.07444535877958051,0.017852133153246498
3154,0.0,0.2756276176817255,0.22876985663409413,0.12103531670025817,0.2150440848284901,0.15952312415543213
2360,4.0,0.04999218519596534,0.0198933782719645,0.08366333191206707,0.17858937764646016,0.667861726973543
1941,4.0,0.04374342649898138,0.05824670640005392,0.14817688010799018,0.15412097404822828,0.5957120129447462
2558,2.0,0.22481059943592552,0.22639272237026328,0.3463986676234212,0.13457378175154802,0.06782422881884206
1977,0.0,0.3048635194009254,0.23181707331326246,0.23654964393984543,0.154656250139153,0.0721135132068139
2193,1.0,0.2823709978462551,0.36497787533920506,0.14720201172795844,0.1307277893749249,0.07472132571165677
2138,0.0,0.2811606379976488,0.2609836667969866,0.148897198433415,0.21352983667946362,0.09542866009248602
1446,4.0,0.13158262238321536,0.19348984661386248,0.10391249493547454,0.23655707454559433,0.3344579615218532
1343,0.0,0.4071848056133092,0.3267563799016933,0.15951169510073265,0.09585403101907451,0.010693088365190234
1260,2.0,0.2228263443378031,0.17782517438587944,0.29166968940394683,0.18715118185075313,0.12052761002161752
2761,4.0,0.1135366048915827,0.06706975014590853,0.14455706827425832,0.2536500068356416,0.4211865698526089
2654,0.0,0.28955100202656087,0.2009586564129631,0.27147044382251717,0.1277302469977823,0.1102896507401765
1354,0.0,0.3969014159323601,0.29715676056330415,0.18505184707614455,0.1026620053999664,0.0182279710282247
3278,0.0,0.3092984044698117,0.2795722373039065,0.2227824678848838,0.12608777443941094,0.06225911590198719
1566,0.0,0.6338192178021851,0.21066338346046287,0.11374656668655309,0.03906531911755463,0.0027055129332441462
2897,4.0,0.07127593203950418,0.054126246373300324,0.12434757897499045,0.1486658411779432,0.6015844014342617
3378,2.0,0.21294672433852216,0.209449172295681,0.3779027162891616,0.12331708099521758,0.07638430608141762
2114,1.0,0.33676918729847677,0.3780769263540159,0.21643312003219364,0.06252693401491588,0.00619383230039781
1255,4.0,0.09264567211013844,0.04573127653410761,0.12831174952447177,0.2040612712143707,0.5292500306169116
1431,0.0,0.3914520360021636,0.2951932720508882,0.18156837971271228,0.09788901406787998,0.033897298166356095
1799,4.0,0.08548918529519212,0.0783278856205257,0.16912589101947023,0.1878231051918664,0.4792339328729456
2162,0.0,0.2623463129510404,0.2004694313365325,0.22810926157962952,0.1686150611614893,0.1404599329713083
2661,0.0,0.53213515510797,0.20039959805202187,0.18284532436899043,0.07320017473574655,0.011419747735271029
1472,4.0,0.1463257738763833,0.1408193907857281,0.2384396697030874,0.21230024335608333,0.26211492227871797
3292,1.0,0.18803085175750037,0.38248820356372115,0.19836611374128388,0.16531878263767802,0.06579604829981667
2104,4.0,0.2041232774763786,0.13046968263329764,0.14800033763153295,0.20706381829379983,0.31034288396499093
1916,0.0,0.43666250175851506,0.2544801761513803,0.23540781104560815,0.05926552049020682,0.014183990554289722
1230,0.0,0.4657351888052031,0.285766738198092,0.1313813674976788,0.10281285899127571,0.01430384650775033
2643,1.0,0.22125143854167054,0.26965852910162685,0.15293976558090885,0.15773765765027534,0.19841260912551834
1057,4.0,0.036572822694998244,0.11068705024461392,0.09660927265480296,0.24598981984666068,0.5101410345589242
3224,4.0,0.12770786545089577,0.10678642947867582,0.16733562972783644,0.16559311137566968,0.43257696396692236
1966,0.0,0.4862830440117549,0.24503826746454885,0.20737799221790773,0.05204410324532328,0.00925659306046539
3312,0.0,0.2496439455639991,0.23364806693763787,0.13291792877636013,0.2077678703128292,0.17602218840917355
3359,0.0,0.46776326006964536,0.28137625473867434,0.17559953281199117,0.06567716647475792,0.009583785904931209
1529,4.0,0.04899651176036804,0.05543964583274913,0.11498508710148798,0.14654527453049485,0.6340334807749001
3108,1.0,0.23616188804989713,0.2477791798824725,0.1890888368283814,0.19928267318465054,0.12768742205459843
3181,4.0,0.1479680952927962,0.15679888436628575,0.16333316608407122,0.21859584629394146,0.31330400796290536
2106,0.0,0.40066769978628963,0.2729683615690872,0.1958863593072093,0.10731765509071695,0.023159924246696835
3166,2.0,0.18534016642045756,0.19821912691620477,0.23660237079887605,0.20214352916793576,0.17769480669652582
2250,4.0,0.04890588522950854,0.024613456640015925,0.10862062294755516,0.17653115299301708,0.6413288821899034
2579,4.0,0.06162261295471742,0.06973594160131233,0.09684431539605015,0.20674375719833457,0.5650533728495856
3030,0.0,0.28242049799154495,0.12415321740699752,0.1690282226109714,0.26522082616250303,0.15917723582798315
3268,0.0,0.39206051016415866,0.257206328988643,0.18999406121254578,0.13679183972385456,0.023947259910798123
1686,4.0,0.11049660981916817,0.19783038770600536,0.13300532646743568,0.15420529089037394,0.4044623851170168
2776,4.0,0.013821759650903027,0.030068159607758337,0.059592585689219955,0.15534868258136644,0.7411688124707523
1180,0.0,0.4989590963706958,0.212392473755806,0.1783070782810234,0.09054716065862532,0.019794190933849574
1112,0.0,0.4508757885148662,0.4080819051986741,0.08701874791336281,0.050717200766888175,0.0033063576062087497
2743,0.0,0.2452969355824102,0.1630043401121249,0.20427974834216744,0.1630870396263433,0.22433193633695414
3012,0.0,0.4164043226865662,0.3949697993496399,0.11323698019316665,0.06363327006554029,0.011755627705087078
1556,2.0,0.15378464299777672,0.2725800940295315,0.3000198136637939,0.13323040730482866,0.1403850420040692
2299,4.0,0.12387029276709276,0.08395800132911094,0.16617533395344414,0.1854233498057195,0.4405730221446327
2515,4.0,0.17257407772235506,0.1577848002961489,0.17641989133191122,0.21236335719473542,0.28085787345484947
2037,2.0,0.15654242137872604,0.24649332522590875,0.2502065815788037,0.22669184726016287,0.12006582455639866
2945,1.0,0.25191641796163405,0.41558986830754513,0.14042187962347893,0.1507578863730012,0.04131394773434074
2227,4.0,0.014241008247035574,0.0085138374105606,0.03308130153658488,0.11131240274151798,0.8328514500643011
1637,0.0,0.4230046890850544,0.20653284526696386,0.1806368926371898,0.11343556649263928,0.07639000651815289
2450,4.0,0.081689617643821,0.1457632495415812,0.15477709243222035,0.15009969135907622,0.4676703490233012
3178,0.0,0.42440148353214435,0.281487295317916,0.1442625902748537,0.11200135552334557,0.03784727535174039
2217,0.0,0.3810576209665303,0.15505368984600798,0.1562761023302461,0.2145424612282209,0.0930701256289947
2232,2.0,0.20041250097192953,0.1403183818803009,0.25899515552212127,0.22993529089735143,0.17033867072829684
1931,4.0,0.18186418832930926,0.10220573089789212,0.13609897001993282,0.2623192599523912,0.31751185080047456
1801,4.0,0.04608312311917361,0.020240000858528402,0.05683975233034471,0.1564848109125318,0.7203523127794215
1045,1.0,0.3339184850233049,0.45634836568590703,0.17534204100100584,0.032481416898272095,0.0019096913915101403
1101,4.0,0.14318299161892692,0.18184571395632945,0.20666216906312646,0.16191242039202666,0.3063967049695905
3288,4.0,0.03306933669741287,0.029114172903080958,0.09276925070052021,0.1488368091405712,0.6962104305584147
1240,4.0,0.13211201180493182,0.11137872523457538,0.2379828199661352,0.2094569354736833,0.30906950752067425
1427,1.0,0.25099951132729953,0.25625599813809863,0.1858075577475605,0.17160065521777335,0.1353362775692681
2212,4.0,0.10465668203652559,0.14396279698090078,0.19154676712225804,0.15796063563202128,0.40187311822829436
1465,4.0,0.056070113967439064,0.11321807122989626,0.1674842766301627,0.18402877022848488,0.47919876794401706
2827,4.0,0.013564610692121153,0.012043615712698848,0.04119255613779975,0.09836124464499729,0.8348379728123829
3256,4.0,0.06451128961220025,0.061764491296405606,0.11668526769881193,0.19621062252382793,0.5608283288687543
1523,4.0,0.10173611541312215,0.07827395231958702,0.13466946814198189,0.17738659940684642,0.5079338647184626
1582,0.0,0.3581703701804403,0.17969350335146936,0.16408913579600642,0.19595704577289294,0.10208994489919095
2006,4.0,0.08717968244485713,0.10252302293736902,0.06313100585671096,0.1547431531510717,0.5924231356099912
2428,4.0,0.15409126546652188,0.14596246406463403,0.15087266993381057,0.21276454871948688,0.33630905181554666
1283,4.0,0.19929362424239186,0.11288121216379302,0.17976768619843506,0.17825310640218814,0.329804370993192
1630,4.0,0.016267157059456423,0.03642421681626891,0.07108237289248662,0.08723848426170874,0.7889877689700793
2911,2.0,0.1840658880875326,0.20710533477084495,0.27570938089160046,0.20421816547611918,0.12890123077390273
1496,1.0,0.13636335459679397,0.2939387402711186,0.1295495257490556,0.18980403562085324,0.2503443437621786
3368,3.0,0.2318417669502457,0.22655438003854708,0.12435078575391666,0.2333992681767122,0.18385379908057833
2806,4.0,0.12092236081577533,0.16668496866553595,0.1519117616911608,0.18675896390342947,0.37372194492409855
1603,2.0,0.1941529368768321,0.21842443597543362,0.29832554522188615,0.17863226801755774,0.11046481390829038
1174,1.0,0.14215229099883941,0.2728024143982421,0.23479747021984745,0.21750905803544057,0.1327387663476304
2494,0.0,0.24851962672399153,0.21731302685372286,0.15974631103815498,0.21951948210770122,0.1549015532764293
2291,4.0,0.15580855745014635,0.08945722153493821,0.16992413280562813,0.14748991537446704,0.4373201728348203
2976,4.0,0.057549867299789996,0.11567033338135137,0.08846671214348192,0.13490196907052987,0.6034111181048468
2791,0.0,0.303603779853672,0.21171817340463808,0.154692001614784,0.17281118828237207,0.15717485684453392
2605,4.0,0.11023002454350123,0.1677015692968062,0.24705890567917838,0.16045704359229163,0.3145524568882225
3184,0.0,0.37979948625435567,0.24345748079853483,0.2803808309293675,0.07617911363142336,0.020183088386318587
2660,4.0,0.01502169117437616,0.016346073765829576,0.09390421810306765,0.08966631457806076,0.7850617023786658
2442,4.0,0.13605604762041598,0.15704346976730912,0.10129081284558782,0.21859626904794274,0.3870134007187443
3056,4.0,0.0880943295411817,0.048652249235150845,0.11693502748749522,0.18921937690087173,0.5570990168353005
3100,4.0,0.10472426120858726,0.11536900117233072,0.2305677674164649,0.15994010523316915,0.3893988649694479
3197,2.0,0.22339195895435018,0.20575933251966258,0.25863482641720487,0.20067007271129197,0.11154380939749049
1189,4.0,0.03582783437921444,0.05910528604567454,0.18643272601762337,0.15355320322515248,0.5650809503323351
2387,0.0,0.3352642978830893,0.22994368709128557,0.15919221545461643,0.15941616991830015,0.11618362965270845
2431,4.0,0.01253130238797062,0.01856569834326338,0.031527246358685874,0.0882606673423787,0.8491150855677014
2658,1.0,0.2326771909183466,0.5066209065355148,0.1312262451887555,0.10126493917161739,0.028210718185765676
2024,0.0,0.38966318391065363,0.2850690653214178,0.16688831187310302,0.13186868259304266,0.02651075630178286
3088,4.0,0.11934726137499095,0.28145057930054723,0.1310493992528598,0.16715207849071104,0.30100068158089094
2750,1.0,0.19169325452743133,0.41573020333398086,0.1438059670689192,0.14069013012262235,0.10808044494704626
1975,4.0,0.11613049228906666,0.0882556029053624,0.24356292016219158,0.16688663536836215,0.38516434927501725
1481,1.0,0.3263359272300594,0.3654782997144968,0.12685484091619245,0.15563947785917887,0.025691454280072457
2415,4.0,0.05915783859229968,0.09777349053476751,0.23124551010852398,0.15238426469161967,0.4594388960727892
1757,0.0,0.4263128038054971,0.30697709365257275,0.12415208819585591,0.11292167380234058,0.02963634054373361
3142,2.0,0.27409516445144155,0.19292183042884467,0.3452544775883944,0.10738182324291934,0.08034670428840004
1614,4.0,0.09777079270547938,0.053327680882356024,0.1453412078484418,0.13237875502485177,0.5711815635388711
3029,1.0,0.41052599864323974,0.46217396959230495,0.10368842810354391,0.02150541027073576,0.0021061933901757924
2771,2.0,0.20461183249763573,0.10952318610372934,0.39677766096008904,0.15658281732703208,0.13250450311151377
2607,4.0,0.027593226219777382,0.047634582070535086,0.06982412600681129,0.1346040451843146,0.7203440205185617
1786,4.0,0.09966919997433468,0.07763012107744428,0.06689818458602868,0.2530332539089984,0.502769240453194
1439,4.0,0.04512816219296761,0.09604444571525299,0.10332241798036698,0.1865828319246474,0.5689221421867651
1728,3.0,0.14969111800887455,0.17613455754520696,0.1902721746788861,0.26184761289907876,0.2220545368679537
2339,4.0,0.01147557511311942,0.017200824544847858,0.04010453677255555,0.07995946850056196,0.8512595950689151
2128,4.0,0.007000655534349872,0.005951814088416281,0.027099003782712395,0.06919302678789263,0.8907554998066288
1618,4.0,0.00972098116707274,0.008697392662196655,0.04518753089274352,0.10312853469627245,0.8332655605817147
2288,1.0,0.2733583349015217,0.40754949304610166,0.13941401704365616,0.10610241822262846,0.07357573678609207
1679,4.0,0.19870521243289863,0.2278756651315649,0.1287021559358058,0.1760430478106311,0.26867391868909957
2693,0.0,0.37224327508846167,0.2372104642045403,0.2899887588340773,0.08145556774109695,0.019101934131823727
2770,4.0,0.08252270828506919,0.14019785161751563,0.10293446244720014,0.14134321592705526,0.5330017617231597
2371,0.0,0.3814585210805592,0.1947506945328568,0.3080821885150595,0.08554433825209469,0.03016425761942976
2224,4.0,0.09121670875743844,0.1397805749947637,0.199420682924304,0.14180824921323265,0.42777378411026107
2365,4.0,0.12808136282336235,0.11473930295304317,0.15591559924926893,0.20883835979379423,0.3924253751805314
1483,0.0,0.26465763432659195,0.18079479209673574,0.20955531351623255,0.2092883039896655,0.13570395607077432
3225,0.0,0.36192150095876613,0.3271360431407532,0.19238832538650172,0.09621579714656465,0.022338333367414354
1219,3.0,0.1870116785624326,0.13490724459910702,0.16149794219389865,0.2852247244786476,0.23135841016591416
2506,0.0,0.5478898103777169,0.249929597529417,0.11127860260649236,0.08183896903035241,0.009063020456021345
1508,4.0,0.016949014720887827,0.024580465481454532,0.06183031727047688,0.11301596737020538,0.7836242351569753
3014,0.0,0.4042271900916252,0.2434102948624076,0.25517859507381685,0.08270745200895815,0.014476467963192187
3122,0.0,0.2892395624154691,0.2215009731479566,0.20772847611704134,0.1575211692524372,0.12400981906709571
1783,4.0,0.12494286217375898,0.17521178508610255,0.17976882294298635,0.19765995003660608,0.32241657976054605
1355,4.0,0.047373176705075286,0.03907785724183587,0.06595439491269631,0.18482872764942765,0.6627658434909649
2676,4.0,0.2178730931755799,0.15168992691855007,0.12436929892977389,0.22690518459665845,0.27916249637943774
2019,4.0,0.01998244557227315,0.02771695998271304,0.08486842209618961,0.11480395380363767,0.7526282185451865
1811,1.0,0.17126332104510048,0.2990947233114878,0.23435436063938037,0.16381994218924514,0.13146765281478612
3287,4.0,0.052324814511838916,0.06307939320767102,0.08002517490017608,0.190133854284536,0.614436763095778
2454,4.0,0.07836499071988114,0.08065694555071076,0.1393701051186496,0.23417904118347826,0.4674289174272801
1030,4.0,0.16630450295173108,0.13561701638548992,0.2346531783924212,0.2010111556042125,0.2624141466661452
2030,4.0,0.06676313231976289,0.11416828459651206,0.08498330436852056,0.1698781512804298,0.5642071274347746
2383,4.0,0.05266357712296129,0.062007094788995736,0.07645802469485811,0.18946674467223149,0.6194045587209535
1200,4.0,0.09372893361313542,0.06263521620285799,0.14735854115708313,0.24050191120544775,0.45577539782147575
2088,4.0,0.07436626926825231,0.1440669684463457,0.16507444763452656,0.1895957065087587,0.4268966081421166
2799,4.0,0.057391418351137216,0.04826209355345748,0.10270924453764933,0.2257708624471155,0.5658663811106405
1917,4.0,0.07147245775795542,0.09814331070556567,0.1221524443590402,0.17391504942633076,0.534316737751108
2656,4.0,0.11497073549410408,0.10602211256504154,0.2305130039256165,0.24212293237060017,0.30637121564463776
3388,0.0,0.324970682598407,0.30018271869910723,0.2526498787384455,0.10678463990661528,0.01541208005742493
3114,4.0,0.17858658173732078,0.23038095219926044,0.153133037558888,0.1728500460172496,0.2650493824872812
2317,1.0,0.20674172601025673,0.5233511360691987,0.1208573598551757,0.0961546408091966,0.05289513725617237
3223,2.0,0.17718607017563734,0.1921802127065039,0.27825561831827517,0.18938586508511887,0.16299223371446472
1212,4.0,0.006097566563903191,0.012865447550904968,0.01559503896260729,0.057367154428212545,0.908074792494372
2552,4.0,0.1263726850068228,0.20961729847751062,0.12622332373772058,0.2267830194853787,0.31100367329256734
3156,0.0,0.33759675723430316,0.3338436366298119,0.1606016058207294,0.13378700980120045,0.03417099051395494
2835,4.0,0.06059695541728289,0.0719396774423009,0.1231139531541361,0.16289166633304986,0.5814577476532302
1238,4.0,0.14099600725750516,0.19177365717339687,0.12167488201979436,0.1905596814754558,0.3549957720738479
1868,0.0,0.376604822474274,0.14052049558369104,0.27737576655685164,0.1311458456695818,0.07435306971560159
2182,4.0,0.07115340090386135,0.07852261759931407,0.13751036009733444,0.26755630210837944,0.4452573192911107
2950,2.0,0.13677472059099388,0.14119767596914984,0.4249391363212128,0.1428423567375477,0.1542461103810958
2777,0.0,0.2832284315556396,0.24228952664648146,0.1480722743953725,0.18601047122842332,0.1403992961740832
3171,4.0,0.05689240882320647,0.03294143202271648,0.07668009377865254,0.2088695639929453,0.6246165013824793
2510,0.0,0.34826044458653027,0.29347213583259724,0.1833198593739429,0.12554712969207085,0.049400430514858734
3365,2.0,0.11780052010513561,0.1268598022812243,0.3002842021434938,0.20299066981330152,0.2520648056568449
1464,0.0,0.37902359816164116,0.28080502697342397,0.14709927581238016,0.15323656982530248,0.03983552922725234
1070,1.0,0.3606181949185879,0.40285767315007165,0.11837490368566758,0.10327981047899229,0.014869417766680486
3219,4.0,0.017479909873429816,0.015840533708519608,0.07123640602129894,0.12431886349847322,0.7711242868982785
1611,4.0,0.026182694543420707,0.026611246089393737,0.08785208912186274,0.10923662284432688,0.7501173474009959
2057,4.0,0.10203790742414301,0.09073108989854249,0.3004618607870884,0.20140187698287357,0.30536726490735244
1368,4.0,0.1215841351625655,0.15657197866494324,0.1406426165580133,0.17230425872078467,0.4088970108936933
2509,3.0,0.14561926222457083,0.22163907517014864,0.20500686761323708,0.2547502543971091,0.17298454059493443
1248,4.0,0.17066014358283121,0.10020342450277021,0.2096099685923912,0.21036393822211996,0.3091625250998874
1097,4.0,0.12172434586823788,0.22505946376674085,0.09507527309024498,0.2261137794165734,0.33202713785820287
1280,4.0,0.14626421058359487,0.1906252950509504,0.15756825561847412,0.2122440406538962,0.29329819809308433
2742,4.0,0.053772944779199146,0.06295722415811954,0.06306605523854153,0.19937221872170205,0.6208315571024376
1809,0.0,0.31499798920717503,0.3069745783077023,0.16335799596855444,0.13290145304636236,0.0817679834702059
2200,4.0,0.14320339760942172,0.17640277042787678,0.22369390804943018,0.1665131514803009,0.29018677243297036
1211,1.0,0.2253358305116852,0.29918848899715245,0.20734711481593238,0.17896088052253326,0.08916768515269673
2829,4.0,0.17802452596859245,0.1643056200929246,0.248200206591504,0.1320223384316636,0.2774473089153153
1882,3.0,0.2072092336465179,0.20282876196900212,0.1369601557143415,0.23393693683165528,0.2190649118384832
3109,0.0,0.33335161377477973,0.2479016238985414,0.27025074493736095,0.12079240646773301,0.027703610921584913
3371,4.0,0.012369278166947766,0.023734538204907472,0.036805154667592974,0.10223173168516632,0.8248592972753855
3334,1.0,0.20762933913781612,0.2782563998004278,0.22932707250657594,0.10942711199164688,0.17536007656353322
1597,1.0,0.3861421878464535,0.3956709194868928,0.0794099913031664,0.10051211735521418,0.03826478400827288
2849,2.0,0.27977553481564166,0.17460883669529473,0.31254177374362613,0.13984669032002744,0.0932271644254099
2267,4.0,0.012260902575933678,0.023287908924033738,0.041402014469266314,0.11657241780524558,0.8064767562255207
1253,2.0,0.2975497549640212,0.19145923024105657,0.353976475926131,0.10801212917418455,0.04900240969460656
2477,1.0,0.2579910871728807,0.32444518716649284,0.24665187423015947,0.11629553508394108,0.05461631634652584
1652,4.0,0.09239777153389027,0.07359780431579387,0.25634997330485704,0.1775428530760527,0.4001115977694061
2671,0.0,0.23217734767131668,0.21314592227283244,0.20764673562663866,0.19486949181300414,0.15216050261620812
2467,1.0,0.16210933123334603,0.2443334011978544,0.2148080298847477,0.19105320475817622,0.18769603292587553
1545,0.0,0.3122214903342061,0.2740134858489093,0.16424853909518963,0.1741951837280059,0.07532130099368906
1333,4.0,0.0920736361273611,0.08096960041620518,0.25033163008737946,0.20682673043208788,0.3697984029369665
2918,0.0,0.26868258290463815,0.11701836556083382,0.24950625158325007,0.19517909258063704,0.16961370737064094
1509,4.0,0.042014218489272226,0.06050576872402595,0.1142354691611345,0.1422654047165632,0.6409791389090042
1480,2.0,0.20086883270462644,0.14012187252264469,0.2788940298983108,0.22456653042216962,0.1555487344522486
1297,1.0,0.40210483567303096,0.4684326074020191,0.08296295907482701,0.04157528690645843,0.00492431094366465
2974,4.0,0.09376489033491153,0.08721371677632325,0.2757774592843387,0.18727991898134805,0.35596401462307853
2935,0.0,0.2457525043646889,0.21887085383186913,0.23717469594869642,0.17582307483717982,0.1223788710175657
1583,4.0,0.073602370803479,0.12749731365637798,0.1418509805480248,0.156250149513971,0.5007991854781473
2361,0.0,0.321515606684871,0.2184722989800574,0.20364949746787564,0.15891602244337374,0.09744657442382229
3128,1.0,0.29671832150364486,0.34541779735286904,0.2510453095906996,0.09653086372568179,0.010287707827104682
2966,4.0,0.10843475290385564,0.12480238119960577,0.1740878339362165,0.20090934935689023,0.3917656826034318
1633,4.0,0.17592140297457734,0.1425058087504684,0.16829840823083164,0.19395881837714776,0.3193155616669749
2971,0.0,0.3527152870083779,0.15804798356179528,0.23988348422439926,0.13686916452947148,0.11248408067595617
2286,2.0,0.3010548579212803,0.25452244725476914,0.3305862465430263,0.08266409435191684,0.03117235392900749
1565,0.0,0.3902845552816847,0.18031066051699216,0.25628514600273095,0.13655863581052083,0.03656100238807132
2434,2.0,0.142784711010534,0.16702573282772643,0.26898004586681246,0.16784961160048897,0.25335989869443815
2246,4.0,0.06650279140466345,0.0955937421139318,0.19195285592484565,0.18779268329626875,0.4581579272602905
1743,0.0,0.2838919681654822,0.24486415720543375,0.23833864208666622,0.14255181062130554,0.09035342192111227
2115,3.0,0.1179823488815936,0.09649270263157583,0.1867773639944524,0.3299862927545343,0.2687612917378438
1150,0.0,0.4012658692304281,0.17801088902544443,0.25861690450899955,0.13058348517226048,0.031522852062867326
1209,4.0,0.035789340303586596,0.03808811184205912,0.08681753804747648,0.15165219223160348,0.6876528175752743
2642,0.0,0.3770752624343919,0.18955547067774534,0.20721277987814002,0.17079962875739796,0.05535685825232467
3093,1.0,0.2692854089370801,0.3016302248144141,0.24480424753498012,0.1147392375712127,0.06954088114231304
2718,4.0,0.09581115280666172,0.09508091782910762,0.10485060569278688,0.1315291691131594,0.5727281545582844
3258,4.0,0.06502858334949256,0.07613147177203128,0.12333490364309906,0.16004417101547494,0.5754608702199022
2196,2.0,0.23169657156683712,0.14127797684139173,0.24534182217723607,0.22615457519747642,0.1555290542170587
1720,4.0,0.022026878493532236,0.02361637276382308,0.07392665320019694,0.07589324096945259,0.8045368545729952
1510,0.0,0.43823066367248364,0.34795227662859646,0.17663984361632312,0.03464489870414941,0.0025323173784474115
3176,4.0,0.07255189352973822,0.09192972833921345,0.08814891132115897,0.20929798028592655,0.5380714865239627
1415,4.0,0.05028356959059003,0.047418431721507164,0.08736226158713507,0.17991446985363482,0.6350212672471328
2622,4.0,0.15553194707538698,0.16885670839941552,0.2099262268810755,0.2285451443789767,0.23713997326514538
2838,4.0,0.07981573550018224,0.1305689130812545,0.28933434623369575,0.19574890001706916,0.3045321051677983
2221,4.0,0.1286982754967934,0.1751833352130318,0.10210621632623139,0.1949550238891062,0.39905714907483714
1252,0.0,0.3599634821645235,0.18044264402200577,0.2535578720482078,0.1252859359751881,0.08075006579007471
3129,1.0,0.24066634701542847,0.2865694962586272,0.12124760762905519,0.15852183029119868,0.19299471880569047
2657,4.0,0.011684539158472297,0.01031522658722828,0.04113781281205105,0.09299507507270188,0.8438673463695465
1408,0.0,0.2828509542682814,0.2202390949139863,0.2356547710772706,0.16807457162408682,0.09318060811637487
1351,4.0,0.01079219564175236,0.016074821096163216,0.046539340619729405,0.11451406142285395,0.8120795812195011
2386,1.0,0.18392438588403415,0.309332843196078,0.16213769370214356,0.17200935445799975,0.17259572275974433
2792,0.0,0.3340608072777085,0.3264746121782686,0.20709394663134773,0.10174537266149151,0.030625261251183738
1671,2.0,0.20825658018321128,0.15177641841972797,0.25461744947261866,0.186813676515977,0.19853587540846512
1531,0.0,0.30712604781836417,0.18324474706869825,0.22005575029706348,0.17516919157691963,0.11440426323895457
1600,1.0,0.22132634948863844,0.2700223109365324,0.15494282979034935,0.18114910156522754,0.1725594082192524
1742,0.0,0.31798217815244606,0.289648956704826,0.20329087435264326,0.12104832624321708,0.06802966454686758
1050,0.0,0.36243652335924736,0.29559923274260735,0.20479810197603185,0.10787039978595006,0.029295742136163243
1068,4.0,0.008084063893575227,0.015904368259917197,0.03279799400542268,0.07298295470133262,0.8702306191397523
2559,0.0,0.25626622879555966,0.25555747224146397,0.24316824654888053,0.1411269187649714,0.10388113364912449
1049,1.0,0.23490236732708583,0.26319510124938017,0.13912259272882058,0.20925137524051865,0.15352856345419477
3186,4.0,0.009583507446391089,0.014576510524858394,0.03829880024288245,0.08667324265312562,0.8508679391327425
3134,1.0,0.22762076607285112,0.2604172900854834,0.22789581591145966,0.15950107816579628,0.12456504976440955
3232,4.0,0.1527120458897568,0.07135619467962612,0.18241766081614824,0.17451719703449037,0.4189969015799785
2808,0.0,0.2949314341132441,0.1904649219211439,0.15204017365667033,0.191868233803939,0.1706952365050027
1125,0.0,0.4218984500145105,0.3444947349238712,0.17567145582544139,0.04950294595460717,0.00843241328156977
3201,2.0,0.14082876357818078,0.1502294814111107,0.30497527532689483,0.18843082444045595,0.21553565524335788
2941,4.0,0.0156879080357993,0.020626810210146528,0.028803982081200916,0.08286622513008,0.8520150745427733
1830,2.0,0.14246574495017167,0.18884623188406005,0.25659330797364266,0.21616026897776375,0.19593444621436196
2134,4.0,0.06543527501080165,0.05578989470051346,0.17470940247922545,0.18312187073607378,0.5209435570733857
1943,4.0,0.09693867108164134,0.08851960896986924,0.19477422708727413,0.18690746244583586,0.4328600304153793
3177,1.0,0.18896746453109306,0.3910502205470603,0.18923962909665223,0.16955193895198675,0.06119074687320762
1982,4.0,0.08008343228109305,0.10364024156732288,0.1151308920411263,0.22478360440888273,0.476361829701575
2830,4.0,0.08080931277392152,0.11589186761741593,0.17585634333849712,0.18211283073171275,0.44532964553845267
2449,2.0,0.1956988914937018,0.15071295777249236,0.22661646638855296,0.20809269484900034,0.21887898949625262
2413,4.0,0.1398933099122074,0.1692467266130265,0.23848697137626795,0.13565064416250777,0.3167223479359904
2857,4.0,0.09923384339395115,0.06354836752976668,0.09971974487016666,0.19726360739926818,0.5402344368068472
1730,3.0,0.19861790441431065,0.19989769397481139,0.15346127624979716,0.23689697061027834,0.21112615475080249
1880,4.0,0.0063056899065660095,0.005490092613713466,0.020677799746704497,0.05347996045284752,0.9140464572801685
3096,1.0,0.17881467731825984,0.3258808342669598,0.23134537977647593,0.173817145965255,0.0901419626730494
1241,0.0,0.35928391624416806,0.323088965593108,0.1749412195740108,0.1148449344993927,0.02784096408932057
1071,0.0,0.3679442666313868,0.18388038928370312,0.2822961009431388,0.12102287946910968,0.044856363672661506
1756,4.0,0.1301883336717104,0.08489464201408708,0.17485825560885224,0.21876151786807033,0.39129725083727984
1933,0.0,0.4049274481305669,0.1955028244104521,0.12991900803301837,0.16205320413543964,0.10759751529052301
1074,0.0,0.38270622351485756,0.24146791515768026,0.20380896220788125,0.1310237138046997,0.040993185314881136
1462,4.0,0.20588848649644909,0.14104258996774055,0.14139235191907729,0.2307042834638319,0.28097228815290126
3213,0.0,0.32152542338926104,0.1831791200701508,0.20922117088040446,0.1731293283073635,0.11294495735282004
2834,4.0,0.022125684194953844,0.02511180071679965,0.06677751846610355,0.11521177573703534,0.7707732208851077
3307,4.0,0.04819930269169269,0.1056777984772773,0.09059497054993106,0.15946650522094513,0.5960614230601537
1638,4.0,0.007456782448184679,0.008341313888731251,0.017791404283527296,0.052931169536174195,0.9134793298433826
1528,1.0,0.23518613041109512,0.47888245225020803,0.21179035905177218,0.06499338047552441,0.009147677811400074
1928,1.0,0.19902476644577907,0.3181681638881223,0.13664214955478088,0.25183074698760816,0.09433417312370973
1158,0.0,0.24094445296561087,0.18524592783035834,0.22030495520900156,0.19883672190515192,0.1546679420898773
1606,4.0,0.04156309635219875,0.06977951357457673,0.06394029226671147,0.15763802829334161,0.6670790695131714
2862,1.0,0.26493378761722114,0.28763238161657684,0.2804952193996737,0.12815503660655328,0.03878357475997495
2805,0.0,0.25873781652474875,0.17256698869821158,0.20832646301184807,0.13698602785434827,0.22338270391084328
1423,0.0,0.2917010499283656,0.23706526553812937,0.20374502719147053,0.20302182191754561,0.06446683542448904
2831,4.0,0.24973194911914218,0.16332621309032447,0.13086645913685124,0.17557072377162108,0.28050465488206106
3053,4.0,0.008160829129283663,0.011577227995150324,0.030082674963006036,0.07285670219609931,0.8773225657164607
1409,2.0,0.2742627788216261,0.17290960478519965,0.34800378636709883,0.15684451462748966,0.047979315398585645
2069,2.0,0.15835904598619588,0.1783816066606933,0.36132016754489915,0.16479152421268498,0.13714765559552664
1052,0.0,0.27094820230715655,0.26573924154238276,0.26522853776588906,0.11933579433327264,0.07874822405129887
1403,4.0,0.07507839883110903,0.1562099913391042,0.11479569474852987,0.23355177231992638,0.42036414276133044
2045,0.0,0.3733781153409958,0.24400133226149226,0.2788822274657776,0.08004925787658569,0.023689067055148488
3293,1.0,0.23711749968986504,0.2600203892084236,0.2587438526852495,0.14276483557763853,0.10135342283882331
2445,0.0,0.49469555375918883,0.18899402775576754,0.14418034828978457,0.1398887956109858,0.03224127458427331
3227,4.0,0.05281897142255055,0.08315386840339142,0.08968414882768101,0.17232837528005465,0.6020146360663224
2264,1.0,0.18453858120697877,0.40240054801250047,0.2657056925983992,0.10481528243572398,0.04253989574639762
2749,4.0,0.09193832546366804,0.10409039940746018,0.11407841910420845,0.23183128840557246,0.4580615676190909
1292,0.0,0.3111975741943671,0.23423114295197042,0.2127245048147741,0.15462331055368134,0.08722346748520712
2551,2.0,0.20694720427504656,0.2058940979983932,0.2256034479335154,0.16596219614444277,0.19559305364860205
1835,4.0,0.10828597317908673,0.0853268058898926,0.15406935187906076,0.19249316356062757,0.4598247054913323
1856,4.0,0.10455149685840417,0.0902155608545422,0.11870854962130631,0.14050010021021728,0.5460242924555301
3300,4.0,0.017251264249922346,0.035783345096650876,0.04640587355010449,0.10470845801929535,0.7958510590840269
2837,4.0,0.03632441215877464,0.04770341931363224,0.07635581161987744,0.14729990251256794,0.6923164543951478
1533,4.0,0.08704493112077857,0.17541028028219743,0.11993867334634327,0.18831671048988918,0.42928940476079164
1388,1.0,0.2949000284516956,0.4093520542254656,0.12925157674236198,0.1300847760271416,0.03641156455333503
2562,1.0,0.17686600070976033,0.26369792204949305,0.21272530033903397,0.1810776448517986,0.16563313204991406
3044,1.0,0.21796182514986248,0.276538500077892,0.2087565263948125,0.17677098495267415,0.1199721634247588
2310,4.0,0.10905916988431585,0.17465547724911812,0.1896834914735875,0.26256254052112926,0.2640393208718493
1300,4.0,0.16502254667904218,0.11755769073653138,0.2057013443037322,0.20045667064370137,0.31126174763699294
2784,0.0,0.26476714491965075,0.11490127896218315,0.137288668510252,0.2621450647437491,0.22089784286416494
1417,0.0,0.34752983904622653,0.2164421129066271,0.22663296941221517,0.1105005318753832,0.098894546759548
1487,0.0,0.3718072817077606,0.2053338232517224,0.26147358032743023,0.10856932080194442,0.05281599391114232
1441,0.0,0.3058461814320344,0.2640804286171242,0.18960462414886026,0.11861781202690137,0.12185095377507979
1655,2.0,0.16991660151060783,0.16934152414693293,0.2982309640383272,0.1358476816801045,0.2266632286240274
3274,1.0,0.24895310583129002,0.27184651960281064,0.13974824206905462,0.20345743254586285,0.13599469995098182
1221,4.0,0.11708685842012441,0.23007821607384008,0.17666291880107915,0.19409647817572162,0.2820755285292347
2085,0.0,0.4253961727270611,0.14516952382582585,0.1612101013288437,0.2072985248624479,0.06092567725582151
1650,4.0,0.08536247256177591,0.05657314647108728,0.11511553823091648,0.1924401551395966,0.5505086875966237
1622,4.0,0.13381469447296426,0.14007619724566606,0.23733230753340168,0.18644247773104677,0.30233432301692115
2877,4.0,0.22031133345966356,0.206696291715739,0.1519461072396056,0.1896907946953666,0.2313554728896251
1085,1.0,0.2231401385691403,0.3260120784432276,0.2548731279605065,0.14134560506229785,0.054629049964827744
1862,2.0,0.2809933746047775,0.18143192841221153,0.31828173769176277,0.12020385948127586,0.09908909980997234
2872,0.0,0.4755723186739218,0.29148259530304454,0.13676400766982605,0.0798123249592031,0.016368753394004457
2430,2.0,0.13193364133088006,0.1462248992341601,0.286423122714043,0.1814917002569409,0.253926636463976
1110,0.0,0.5051065797823789,0.25429209019975013,0.11929011838439164,0.10147518214059921,0.019836029492880047
2968,1.0,0.16311315982623947,0.22686107012598025,0.2072798260373568,0.18979544995651196,0.21295049405391148
1760,4.0,0.14440934211257864,0.1372301105583698,0.19989330289129248,0.20784355083351352,0.31062369360424563
1291,1.0,0.23323597826973386,0.5074947513583881,0.0855277226187001,0.13437570876733407,0.039365838985843886
1945,4.0,0.14597487630618303,0.11406810251218111,0.0878575972713718,0.20925044808269297,0.44284897582757093
3148,4.0,0.1809181657818746,0.225496038383176,0.16266139158450238,0.18717807727237823,0.24374632697806864
3376,4.0,0.03187375752337165,0.06226110751871798,0.09191330496230474,0.1103140708299584,0.7036377591656472
2015,3.0,0.18933700911643675,0.15449816241084738,0.17620676561288875,0.2642868561353759,0.2156712067244513
3036,1.0,0.14397355032353554,0.2902201828781975,0.14515309507644628,0.21497838301811717,0.20567478870370365
2926,1.0,0.23241223682186554,0.33737980521081956,0.1659040045217898,0.1877754401810348,0.07652851326449034
2256,0.0,0.37075382949293867,0.23256267725226878,0.20595035578890505,0.14074870552579605,0.04998443194009132
3317,0.0,0.4141764510047415,0.2669643430295151,0.19348337772479346,0.10062775142362862,0.024748076817321343
3067,4.0,0.14862296050139578,0.1376414594953119,0.21403618480574538,0.18400849782529208,0.31569089737225486
1213,0.0,0.45118887445954253,0.26679265704432553,0.2037410163938348,0.06427899597095474,0.013998456131342561
1673,0.0,0.4150587334701436,0.257633011375472,0.2528359475395831,0.06351252043921853,0.010959787175582991
2322,1.0,0.2161083193663924,0.2206525924449811,0.2040524532217274,0.21822448560704494,0.14096214935985413
2125,0.0,0.242747946293813,0.21596889365485802,0.17295977884438346,0.19053371206476866,0.17778966914217698
1411,0.0,0.31273969811844793,0.2831747184807484,0.17189529193393435,0.1845802690969893,0.04761002236988004
3384,0.0,0.3800193654930832,0.25034269126767733,0.13230539320159934,0.17540262586768626,0.061929924169954076
2038,1.0,0.10504233142231754,0.3465888715828934,0.09647338013602146,0.19843780967026337,0.25345760718850424
3101,4.0,0.17444248231097606,0.10778380835183078,0.18316325748849402,0.2566245850381248,0.2779858668105744
2421,1.0,0.17890837269860577,0.28286139064331783,0.24698746913757766,0.1397871386224848,0.15145562889801395
1019,4.0,0.02964527786580237,0.02662919256681462,0.06386978819784948,0.11532798683677767,0.7645277545327558
1362,4.0,0.10318779357473894,0.11065504417809295,0.204752060416311,0.16114998741229153,0.42025511441856556
2584,0.0,0.3976329577593164,0.2252313763111475,0.13511085941623488,0.15604345800984154,0.08598134850345951
1631,0.0,0.33645544325286164,0.26543141799888104,0.23760773490161963,0.11179670615488793,0.04870869769174982
1994,3.0,0.1709395040047314,0.21222713139985847,0.21520583635760487,0.2433430047470809,0.1582845234907244
3361,4.0,0.06313104705156022,0.04747745086137902,0.10719687149622364,0.22548283644716283,0.5567117941436743
2333,4.0,0.162003825005483,0.12534328596947916,0.2486427313899139,0.18310500096958474,0.2809051566655393
1077,0.0,0.25029318381695453,0.21605878867574344,0.21425892424184168,0.20481438910257313,0.11457471416288718
2732,0.0,0.5563092083856865,0.2318621061395661,0.16884204269357303,0.04082301836155989,0.0021636244196143874
1479,0.0,0.33871218484107435,0.21796315302741032,0.1770797481433776,0.19468384945206565,0.07156106453607211
3358,0.0,0.2899890722788967,0.22032284020554643,0.14561191725055952,0.18561338663945526,0.15846278362554203
2312,0.0,0.2537805510557419,0.17944420437797073,0.18117974764461586,0.24541643190177476,0.14017906501989674
1857,4.0,0.14540163063049782,0.08810143184394556,0.09194365917769522,0.2593805098703039,0.4151727684775576
1169,0.0,0.29044228009260553,0.18426930035785724,0.2687004541813307,0.1812203764531902,0.07536758891501626
1444,0.0,0.3405324634675965,0.29547399871754165,0.18430314197256112,0.15030222461119727,0.029388171231103433
2358,0.0,0.38130773245490407,0.3685563241438703,0.16973376966504958,0.07314690111901855,0.007255272617157537
2222,0.0,0.4873803111655181,0.25257088626892993,0.15186217682550304,0.0983456757897609,0.009840949950288135
2412,4.0,0.06091334799997919,0.05404315966477042,0.06813872257664134,0.16986545456991625,0.6470393151886928
1220,4.0,0.09646598409165051,0.1304933176934925,0.14291824631734226,0.2203322810564001,0.4097901708411147
3212,1.0,0.21047613936900353,0.3728722444091754,0.15446445330469077,0.18786287314736153,0.07432428976976872
3339,1.0,0.26804719910633207,0.39302509251716156,0.25457798476600685,0.071754306042453,0.012595417568046547
2357,4.0,0.028567319641609697,0.04003548383965826,0.04150152836423698,0.11958873443423118,0.7703069337202638
1304,1.0,0.2728393723931918,0.2836900843605831,0.15607620464149347,0.17994451758123417,0.10744982102349751
2566,0.0,0.24263911915456465,0.20454975154632607,0.1950039130538502,0.21060491450319743,0.14720230174206142
1932,4.0,0.04189681583704929,0.08949418568683057,0.07204008502016919,0.1922365533297489,0.6043323601262021
3155,2.0,0.2509457408312228,0.2594876819739368,0.31102446555301433,0.13485109976435977,0.04369101187746625
2180,1.0,0.19121196764992932,0.34787536479491965,0.1500118807004697,0.16686731900213073,0.1440334678525505
1451,0.0,0.31986740004990993,0.22641598686022874,0.15199506507531155,0.17021075013316775,0.13151079788138206
1810,0.0,0.31499554446923433,0.1495711544110432,0.16496310067506967,0.21536619836114185,0.15510400208351097
3065,3.0,0.20831256257512654,0.14404216370585554,0.16278615406445146,0.24352483076552853,0.24133428888903793
2751,2.0,0.23960975969009346,0.2882910974085433,0.3024882726880045,0.1173044430170516,0.05230642719630721
2174,4.0,0.17414362193948507,0.14926528775195785,0.1642180871646693,0.2552948678571829,0.2570781352867049
2873,0.0,0.2888569665305206,0.21317492801488808,0.18368698045257728,0.19270470691309866,0.12157641808891545
1369,4.0,0.04262610971560662,0.04687136910516249,0.10615536864043165,0.1774058361538202,0.626941316384979
1232,4.0,0.05352177013317837,0.042711190175857575,0.09274413500335009,0.21611475332349553,0.5949081513641185
2993,4.0,0.1822286068837106,0.09372734570576155,0.22252709902309573,0.2457670979726379,0.25574985041479414
1136,0.0,0.43404412167070433,0.14066838108834698,0.2292776632204399,0.13303956536400457,0.06297026865650422
1026,1.0,0.2463651974248279,0.4050470397773721,0.13870818192303067,0.16331757914142733,0.046562001733342115
3230,0.0,0.33826666813948664,0.1920700582733536,0.28274858263083097,0.11180557411585113,0.07510911684047758
2152,1.0,0.26820043804918187,0.4088417379276128,0.16269930032821314,0.11667087972509796,0.043587643969894105
1893,0.0,0.25014247987409377,0.1659081111335893,0.21139213889857617,0.1761791815393692,0.19637808855437153
2933,0.0,0.4856269573583705,0.2785308833017578,0.1611532481754105,0.06486906519665846,0.00981984596780264
2745,0.0,0.3032042779291283,0.22260396789816103,0.1900489762002044,0.19744933996187475,0.0866934380106316
1193,0.0,0.34469784173019596,0.17409274351518894,0.25694736717885425,0.13213553491056654,0.09212651266519438
1290,4.0,0.17487919387289055,0.11074526190110788,0.23291600302295604,0.2134179498101439,0.2680415913929016
1473,1.0,0.2673588191901764,0.4255946255345408,0.2310940263680884,0.06047799441027127,0.015474534496923388
1619,1.0,0.20807165382096016,0.250765866051365,0.23077948011907698,0.21207279999577744,0.0983102000128203
2363,0.0,0.25906636859257975,0.22897957593160445,0.2574282013367802,0.1591518132219642,0.09537404091707131
2722,4.0,0.1142063836488907,0.12065716182703762,0.21143167681560118,0.22425671918605458,0.32944805852241593
3144,0.0,0.37465522639809434,0.24723025412974867,0.2772020035255176,0.08327797458838686,0.01763454135825264
2068,4.0,0.07192381993957454,0.05994145613601569,0.17087161241580887,0.2658723927275522,0.43139071878104873
2481,2.0,0.21830326682746004,0.17670302938888655,0.3183295015528705,0.14779207655072785,0.13887212568005516
1129,2.0,0.2525075849763579,0.1983212269276253,0.3091671449640843,0.14869205700240987,0.09131198612952257
3002,4.0,0.015999206619734398,0.02331332127837581,0.09467534692930071,0.09848895967732343,0.7675231654952657
2511,4.0,0.1260716606473706,0.0922920819727339,0.13360486750682388,0.2657996061498638,0.3822317837232079
1766,1.0,0.23672247562649876,0.2838863704809799,0.22698426459265947,0.14936140019330807,0.1030454891065539
1914,0.0,0.4065960399233349,0.2551254252017021,0.22885083068772138,0.0876696375880593,0.021758066599182207
1234,4.0,0.14123441938596243,0.1932320620077323,0.15197127572015295,0.2391017842839998,0.2744604586021525
2331,4.0,0.0946864791316929,0.052425379544657556,0.1429706540893081,0.19418392389952255,0.5157335633348189
1308,1.0,0.34091000052564474,0.48584191075423555,0.09454251907881352,0.06816125545575304,0.010544314185553103
2323,0.0,0.327283418482434,0.3015590479571486,0.182895208948425,0.12199339517340994,0.06626892943858245
1434,3.0,0.12565369468540005,0.26583964323881165,0.13310883452830022,0.27155847347242923,0.2038393540750588
1384,4.0,0.1536123582939067,0.18776947845231523,0.1497678193801804,0.2082391758925564,0.30061116798104115
2147,4.0,0.11048429281695761,0.10258086716616094,0.2825303450231916,0.1673525625352749,0.337051932458415
1938,0.0,0.3669777502550918,0.2739969129971991,0.16360951905794302,0.14551714349169123,0.049898674198074915
3216,2.0,0.1599510109734004,0.16124453774905678,0.27890875878645793,0.18363146019709675,0.21626423229398808
2341,4.0,0.11596224419988846,0.2634714618046023,0.11248831763070823,0.2381369133900929,0.2699410629747081
1178,0.0,0.30963569439465544,0.1931352723270593,0.19607671441991226,0.16527009237649654,0.13588222648187662
2574,4.0,0.0295354019055571,0.03422225566388575,0.06484377410750336,0.1683094364716524,0.7030891318514014
1599,4.0,0.051431176150148326,0.06883931402597415,0.2127670699345821,0.18575566301342814,0.4812067768758674
2086,0.0,0.3194232764107976,0.16716231110933585,0.1638867662756824,0.18278044130162904,0.16674720490255504
1185,0.0,0.4971716373046266,0.14947155857403022,0.14358369952210753,0.17526885921831573,0.03450424538091982
2290,1.0,0.1775878485045774,0.2832399757668171,0.23804542434407705,0.18161294778453865,0.1195138035999897
2233,4.0,0.041304375292947844,0.04842191694950358,0.1255001845219888,0.14607215939622978,0.63870136383933
2801,4.0,0.042196431280906374,0.052420606429620445,0.12523085193149855,0.18106530943890678,0.5990868009190677
2565,0.0,0.37366294383010873,0.14643396933689995,0.21090847784637734,0.20008388462959117,0.06891072435702283
1299,1.0,0.34420345173518724,0.3471970822248495,0.1417153525466945,0.1361789987420401,0.030705114751228675
2698,4.0,0.10207227678701171,0.17342625564410089,0.2309807648605076,0.23005812956251515,0.2634625731458647
1808,4.0,0.048348197042425725,0.07061511717770148,0.07254400225421383,0.14380524863189217,0.6646874348937668
2362,0.0,0.5499718778637965,0.25513738966727145,0.15275639850041,0.0381206501450533,0.00401368382346876
3126,0.0,0.2655144897800452,0.1844196209857551,0.17997046234388087,0.23870894462468178,0.131386482265637
1486,1.0,0.18464094617793886,0.36056039153541747,0.13285638026102942,0.1659564795331745,0.1559858024924398
2190,4.0,0.09449542043961318,0.05547057856667722,0.12567380003311365,0.26152197390354653,0.4628382270570495
2919,0.0,0.40422818256419296,0.3820544951585751,0.1641021391455814,0.04409943235862339,0.005515750773027214
1179,2.0,0.2799197805805969,0.23934865637523128,0.29788232678790216,0.1177142267673627,0.06513500948890695
2035,0.0,0.3038940866479155,0.19072651341816327,0.25104769583526754,0.17687431912542848,0.0774573849732254
1325,1.0,0.26957845046342654,0.2978493539709947,0.23345584190418547,0.14799389179495342,0.05112246186643991
2208,0.0,0.36582117136310327,0.32633867677581235,0.15200301094102572,0.12758143692080343,0.02825570399925505
1950,4.0,0.10142131754967233,0.07905731503680756,0.13719261614367156,0.19793386556812695,0.4843948857017217
2337,0.0,0.29325672830055305,0.2806336331447278,0.19926268106422068,0.14631443962944637,0.08053251786105203
3041,4.0,0.01672437752478626,0.022654856695008555,0.04351645182308218,0.08624604183231713,0.8308582721248058
1119,4.0,0.04724493054556182,0.10975607114900983,0.09333549337710688,0.20107561877351077,0.5485878861548107
2139,4.0,0.08609538526639261,0.1295106552124427,0.25833453826705927,0.1492308892027938,0.37682853205131156
2136,4.0,0.060430857126321576,0.05150469839265389,0.07930492170248732,0.22481965650840968,0.5839398662701276
1282,1.0,0.2940667700654491,0.4423675908948571,0.14462804814413138,0.09013692076719976,0.028800670128362637
3207,4.0,0.06296199344368472,0.060162867208910245,0.2776739609929981,0.17914321226991345,0.4200579660844935
3046,1.0,0.3501994631339303,0.3786227643129467,0.1475218346055123,0.11388349411901261,0.009772443828598116
3211,0.0,0.33224610602572285,0.14376146259631675,0.121991111284321,0.2008787243648722,0.20112259572876695
2730,4.0,0.17760072694136564,0.18709007906296168,0.1279527692752089,0.20673137739011654,0.30062504733034723
2884,4.0,0.1772898611630215,0.23519553285203657,0.16937076172542975,0.18210399556174672,0.23603984869776534
2117,4.0,0.07709912039188364,0.04625366994318472,0.07359858564087113,0.21325145324953304,0.5897971707745274
2403,0.0,0.3465605116412983,0.21252311342642882,0.2214988307280217,0.1348768039483474,0.08454074025590372
2191,4.0,0.019471887064907618,0.06903726679277357,0.08512149826988774,0.13895273859565724,0.6874166092767737
2721,4.0,0.022082057304443434,0.0637086142581294,0.04215416857555241,0.09680023018379486,0.7752549296780799
2534,4.0,0.015549661413684355,0.019062886043932383,0.0442981014241527,0.10166560192107545,0.8194237491971551
2384,3.0,0.10074711741777548,0.15337419838773533,0.1374780070657748,0.3433177563843022,0.2650829207444124
1367,4.0,0.09513379783886057,0.07115580679985829,0.2042095174230908,0.21432515617709497,0.41517572176109546
2815,4.0,0.06411782193102927,0.05343785469794958,0.14200806134561722,0.18755047617044734,0.5528857858549565
2899,4.0,0.00947595967751821,0.007554735817388158,0.030959585604184447,0.09625767159673515,0.8557520473041741
1044,1.0,0.1551196114312372,0.3152682662510557,0.24234065878820504,0.18584843722855182,0.10142302630095018
2883,0.0,0.37630782608353874,0.3437702850195984,0.18524493882684995,0.07035236938799103,0.024324580682021885
2889,1.0,0.20560815790871376,0.34422146515001345,0.14022665407036786,0.16751011773096747,0.14243360513993752
2271,1.0,0.20739852173195497,0.2962576005197777,0.18431044766711985,0.19149672069115603,0.12053670938999142
1204,2.0,0.2694154941302398,0.14451476160449236,0.270766192573177,0.1866396994081558,0.12866385228393504
1175,4.0,0.110132968739722,0.12156343282183298,0.29711330451273527,0.16262194887627632,0.3085683450494335
1421,3.0,0.20675745014792024,0.16038216868530172,0.14760982126259353,0.25191160252196715,0.23333895738221733
1987,4.0,0.10710961570387476,0.2158520856002763,0.16022941799498616,0.24901727849784308,0.26779160220301973
1121,2.0,0.16145283893408605,0.213242963873924,0.3404558608129232,0.16995108339598997,0.11489725298307665
1284,2.0,0.22832114297830863,0.1786631720119812,0.24174816549993292,0.16928415540780603,0.18198336410197122
2741,2.0,0.276457296910702,0.2620608453970477,0.2979762203821095,0.12065050794130876,0.042855129368832005
2727,4.0,0.05224135156458966,0.08998029070878397,0.1020544406762028,0.17955579652191386,0.5761681205285096
1643,4.0,0.062234562195050296,0.08801591186878584,0.25368741174486903,0.19721330305984175,0.39884881113145315
2753,4.0,0.02217944655785718,0.01769628121873391,0.03997257629641665,0.11840890569437988,0.8017427902326123
2402,4.0,0.006379547487361829,0.0037003738871583085,0.02234899846204093,0.07440727209513606,0.893163808068303
3033,4.0,0.09359467053113806,0.1233595170040127,0.14424394411315017,0.1917436072429362,0.44705826110876284
1991,1.0,0.199862602161837,0.28423762421722726,0.14969960604844473,0.15379638144447016,0.21240378612802083
2456,1.0,0.39243788208024527,0.402877647612928,0.13532014567239475,0.059274459139328224,0.010089865495103772
1276,2.0,0.1711004714251971,0.20189655423901762,0.281462393424477,0.16240925822327468,0.18313132268803364
1787,0.0,0.3007907343253455,0.2439115263416832,0.15156688448704186,0.17591218971501968,0.12781866513090978
2538,4.0,0.11177924014140521,0.1563981752098851,0.12138105077488896,0.1729212307094521,0.4375203031643687
1361,0.0,0.2999165497993341,0.2421153202590364,0.23397307759112956,0.1532073321750527,0.07078772017544722
3222,1.0,0.20856019198488204,0.5847807952593717,0.06733560351821587,0.08744266724484288,0.05188074199268767
1555,0.0,0.3766417826229814,0.2547736266239767,0.19523620031204844,0.1329205447726408,0.04042784566835275
1942,4.0,0.03870568846772303,0.044886030830426464,0.07076893931348222,0.15411347894672572,0.6915258624416426
1669,1.0,0.29335562752806077,0.4005077204273145,0.20163691293763758,0.08264447562441045,0.021855263482576923
1458,4.0,0.12255521598857905,0.1613366960905207,0.2336323246963065,0.23924585361763015,0.2432299096069636
3298,0.0,0.436876865629619,0.20680416039501445,0.20742466757760938,0.12856002335360478,0.020334283044152277
2504,3.0,0.18869260029417717,0.1358508899400801,0.22209664826191836,0.2628360430201371,0.19052381848368732
2422,0.0,0.4075417412655845,0.26769952896757715,0.19070439541715117,0.10937385341680386,0.024680480932883414
1846,0.0,0.4744069818195074,0.19756224348107632,0.13940698642474292,0.1370122966215437,0.05161149165312963
2458,4.0,0.04114930433007758,0.06221484441370907,0.07195170069107887,0.11932095963602656,0.7053631909291079
1644,0.0,0.3256532714572816,0.2061022769826321,0.23331699763771332,0.1189934330172953,0.11593402090507783
1287,4.0,0.23128079237588264,0.15915649420000186,0.19389877490652918,0.17728440874653653,0.2383795297710498
2925,0.0,0.30721224471270114,0.22139915480174394,0.18510715973066996,0.19921575483259066,0.08706568592229436
1407,0.0,0.6011600619725161,0.18815098879739225,0.14043225923692854,0.06329284183409063,0.006963848159072501
1870,4.0,0.12252916189712994,0.11687692483316076,0.16521327586271942,0.22284382852611961,0.37253680888087026
1164,0.0,0.3535280408689835,0.18013429578526519,0.273702767269623,0.15725801863952346,0.03537687743660485
2959,4.0,0.04101752096544282,0.046858975121054004,0.07566452803844516,0.1840530209770694,0.6524059548979886
2620,0.0,0.30989284020869395,0.2664836268816812,0.1749085435043885,0.14668733827673297,0.10202765112850322
1424,0.0,0.41789231871115273,0.41450278497245574,0.09893093700044915,0.06449342671379195,0.0041805326021506495
2633,1.0,0.19752355529391818,0.4861037562920324,0.1550415590563668,0.13127262229863879,0.03005850705904397
2107,1.0,0.2312044605477897,0.3459075430737272,0.20644493977666833,0.15626270751363794,0.060180349088176925
2720,1.0,0.2702253234076825,0.4670174980031703,0.08354995603592863,0.10608357354023851,0.07312364901298017
1678,0.0,0.3436215283596284,0.3072896940405328,0.20008819449363457,0.12181931964071173,0.027181263465492583
1066,0.0,0.5407109796788743,0.2550009295595326,0.15751829002457968,0.041796517266717424,0.004973283470296219
3251,0.0,0.40885370211343497,0.24761423021235923,0.14960366493217522,0.14300601609607036,0.05092238664596028
3282,4.0,0.013691857158920242,0.020136648224590215,0.04048314229036064,0.11111612997696463,0.8145722223491643
3382,0.0,0.4752730283896522,0.23565241186466454,0.14924487641150427,0.10899548353845127,0.0308341997957276
2488,4.0,0.1146913506822603,0.10844033468188427,0.06716806293502108,0.16156832429701373,0.5481319274038207
1231,4.0,0.037506824763690674,0.05194512179300243,0.07972826076908986,0.1513203538846199,0.6794994387895972
2420,0.0,0.4019759657318012,0.3717035875299167,0.16164419833316493,0.05616804414515854,0.00850820425995867
3234,1.0,0.1625790922723139,0.30711274048009035,0.15509643077140867,0.1969272170481648,0.17828451942802231
2853,4.0,0.08360659419659824,0.17438867102217145,0.14685644287418761,0.19932923955424986,0.39581905235279286
2188,1.0,0.21381841162940649,0.3682300217328461,0.19169030829802933,0.12381171594550044,0.10244954239421769
1621,2.0,0.15763750724171802,0.1991661207869944,0.32572887595629696,0.1564014268568938,0.16106606915809693
1927,4.0,0.1555269534678695,0.1203494595805205,0.15174355624215552,0.21725447976317705,0.35512555094627746
1375,0.0,0.2900810343601777,0.19566382878918026,0.2489020192104397,0.15109677806717015,0.11425633957303229
2352,4.0,0.15995816723055697,0.16205927707828013,0.239847868627045,0.13004943337404626,0.30808525369007167
2378,2.0,0.2344583917947281,0.20193136695293545,0.35513952740322874,0.12336165245969198,0.0851090613894157
2001,1.0,0.35717662869408795,0.3598449727594009,0.16668202540557206,0.08705941676634031,0.029236956374598642
1298,1.0,0.2500525495293862,0.2903278578179553,0.18648743508618654,0.16599050591395254,0.10714165165251935
3077,0.0,0.4567784079386962,0.22256666310276316,0.14889913086892687,0.14024484585348135,0.03151095223613232
1100,4.0,0.0699413538464422,0.06403963612969943,0.08373111944339172,0.1524372803014114,0.6298506102790552
2113,4.0,0.16801066312295387,0.12907183399167066,0.21985486223143072,0.23651938197816866,0.24654325867577612
1875,4.0,0.0772836271115098,0.19546098193371303,0.12539192895199075,0.25944500615908256,0.34241845584370384
1530,0.0,0.3502005946396303,0.1953931544486061,0.13651659865369895,0.23540360204821847,0.08248605020984598
3304,0.0,0.5390234740146914,0.18245149069961555,0.1634418796001779,0.08954340041952148,0.02553975526599365
2092,0.0,0.2898645013520543,0.1358315457762142,0.16227861774284935,0.24320738701056735,0.16881794811831466
3105,4.0,0.05744572801403802,0.0642381713545907,0.0843259771933011,0.17564255770463552,0.6183475657334347
1186,0.0,0.35746311478972553,0.17436256679244266,0.17712130956478914,0.1503059293408458,0.14074707951219698
2825,1.0,0.19467379573755614,0.4106464254083907,0.12057148504123753,0.15958413887869893,0.11452415493411666
1768,2.0,0.11642784268302293,0.15632116787308506,0.27685374241357347,0.19707796160712732,0.25331928542319126
2238,1.0,0.1977216301901433,0.25414506237387596,0.20772206389717043,0.2245276030270651,0.11588364051174513
1745,3.0,0.20980819619012378,0.24423397714993308,0.172856206071533,0.2507365382338232,0.12236508235458703
1512,4.0,0.055526264800003576,0.09113123294926266,0.08732490783214837,0.1444424005469359,0.6215751938716495
1648,4.0,0.16072735047207998,0.11732587793723803,0.13579052303940609,0.1839034587273415,0.4022527898239344
2026,2.0,0.17198742106029116,0.22015947766155752,0.2416132256574799,0.1895196133636442,0.1767202622570273
2260,4.0,0.22342910373516714,0.20518071209566816,0.12051713729593547,0.19385844627452029,0.257014600598709
1999,1.0,0.21476256727959947,0.4113337933195281,0.16604958231189373,0.14995228339591238,0.05790177369306632
2406,1.0,0.18322536019633728,0.37007562796170185,0.1963142391374262,0.17297623335437773,0.07740853935015687
2453,4.0,0.025637465958643406,0.056419999588936454,0.07514253464492139,0.14557716386779965,0.6972228359396992
1989,1.0,0.34364745435457145,0.3645097945181782,0.16983804720631487,0.09419430903902658,0.02781039488190878
1706,2.0,0.19388052236310277,0.11249286393739523,0.28468001193488274,0.17691488687501386,0.2320317148896055
3180,2.0,0.18977708389250672,0.24392866979923292,0.31415235423006277,0.17300228415307892,0.07913960792511876
1024,3.0,0.15278930537542415,0.07785314619715385,0.257456219590535,0.28553162903369655,0.2263696998031904
2000,0.0,0.38423265101163884,0.24414269015164639,0.22206481977291986,0.10911593848390395,0.04044390057989097
2916,2.0,0.14740654984304727,0.19216743420566723,0.27924176156040315,0.171464357577685,0.2097198968131974
1803,1.0,0.30740005349565486,0.3823346668315527,0.2056491270487359,0.08632928883779753,0.018286863786259093
3286,1.0,0.24774715663061858,0.34954056005282064,0.12054675258818054,0.1654742469354679,0.11669128379291237
2547,1.0,0.24079442203357818,0.45642028081437186,0.15116143422449618,0.09285889572214184,0.0587649672054119
3209,4.0,0.0730660513568425,0.07735048988720693,0.10903149518632607,0.11720848732583733,0.6233434762437872
2939,0.0,0.3721121575381557,0.3314837771800431,0.17479181266927896,0.10213660541536092,0.0194756471971614
2659,0.0,0.4145953013961053,0.1968964484445645,0.20740996702835338,0.15191186885430316,0.029186414276673813
1312,1.0,0.17176731193670203,0.32085489231519426,0.1570444861302185,0.16980675506443496,0.18052655455345037
1352,0.0,0.42909168315939966,0.31751495471316843,0.12863061931162725,0.09813421538671672,0.026628527429087816
1549,4.0,0.13309418190636105,0.21092009411787274,0.17942741712283328,0.16998196035234783,0.30657634650058513
1307,0.0,0.2671878538926727,0.24983047638482475,0.17524738009842336,0.2079596868594402,0.09977460276463887
1288,4.0,0.08512385761169684,0.05308362863235759,0.11664312980105344,0.18843770026088663,0.5567116836940056
2599,2.0,0.17816532215126635,0.3391658828908511,0.34952353480514314,0.0936569036681942,0.0394883564845452
3327,1.0,0.3455185203646194,0.43507127074957525,0.16066055291609668,0.05414660931202903,0.004603046657679622
2738,1.0,0.3468732788886128,0.3554132441442556,0.2131571601904722,0.07129184287462209,0.01326447390203727
3006,4.0,0.10171157716385654,0.24000185110197386,0.15477544516001918,0.20163970631093298,0.3018714202632175
2765,1.0,0.21932970800190876,0.2747238691998085,0.1608994653242983,0.1827684193911479,0.16227853808283646
1892,3.0,0.16013780218302412,0.2100946385523769,0.19105496951972648,0.22774941628546597,0.21096317345940657
2990,0.0,0.4082666733613417,0.32462422141809877,0.21609896186619057,0.04332325828725526,0.007686885067113602
1839,0.0,0.3569313249877013,0.31238242216672496,0.21626719977159675,0.09281733930312436,0.02160171377085262
2646,2.0,0.1741793089265072,0.109329629910359,0.279961220029479,0.19537716093303722,0.2411526802006176
2177,0.0,0.3947454108517116,0.24326234945795305,0.21621108181346935,0.12403578683798618,0.02174537103887984
2977,2.0,0.20145940306352125,0.30370997581302256,0.30527278524468504,0.1285379757299583,0.061019860148812735
1014,1.0,0.257843524884278,0.2776606320920303,0.13327029914878197,0.21704269022452624,0.11418285365038358
2269,4.0,0.07028244183309419,0.07044806268550768,0.11082146623021219,0.14377683821483692,0.6046711910363491
1515,0.0,0.26393275297455127,0.1910637904798812,0.20353915959319235,0.21822560396245363,0.12323869298992161
1410,3.0,0.25174834721696204,0.19258045885733902,0.19346356807297116,0.26230755715633736,0.09990006869639047
1695,2.0,0.16392276219456767,0.1707941945918446,0.2362524981094897,0.20016422655875982,0.2288663185453383
1314,4.0,0.013856556792335195,0.013008757682681291,0.05493755460855696,0.11072977593799342,0.8074673549784331
2690,4.0,0.017185455533262,0.02733483545427219,0.06160658819210146,0.13508707019199043,0.7587860506283738
2623,4.0,0.024710128639925166,0.019579276220761724,0.038709920607791395,0.10872936181640386,0.8082713127151179
2744,4.0,0.09328855556595793,0.07479123809155727,0.17324901910524154,0.22086976849431428,0.43780141874292905
1694,4.0,0.04722176892188257,0.03127209400871682,0.1420815199576056,0.1537047599554149,0.6257198571563801
3193,4.0,0.06839751544966075,0.08690555187628995,0.1806064396774428,0.18651128777278736,0.477579205223819
1383,2.0,0.19352746556575876,0.22305437853458054,0.2881034112005883,0.1519155489025049,0.14339919579656746
1832,1.0,0.24222077950298984,0.2454960443378504,0.18057424900896907,0.17401114099932224,0.1576977861508685
2923,0.0,0.3030604987744254,0.10943771249770211,0.28181755425395943,0.20818117134399108,0.09750306312992198
3009,0.0,0.43415190027893125,0.3572182966259217,0.1483518733900381,0.05164429808102227,0.00863363162408668
2308,4.0,0.16357906186338433,0.14040552170468737,0.22199032853927075,0.1974086067796229,0.27661648111303466
2780,3.0,0.2305408449494451,0.15016868191851343,0.16039853499172851,0.25780175254672266,0.20109018559359024
1264,4.0,0.15454253230322942,0.26953103732933253,0.07176147684982045,0.17126593023269251,0.33289902328492493
3068,0.0,0.4629249067549103,0.25600447233047235,0.19355116167507655,0.07622063918839056,0.01129882005115031
3110,0.0,0.4357231389764612,0.23416896459841607,0.21791823927280987,0.08847314574067801,0.02371651141163497
2702,4.0,0.053015056889248784,0.02323208697788088,0.07212732167743564,0.17785882358226462,0.6737667108731701
1963,1.0,0.36217653761902274,0.3662121080049868,0.18377322904962898,0.07303830143909121,0.014799823887270146
2054,4.0,0.02376776326359534,0.022329901699791564,0.09482580265874081,0.1253169360885162,0.7337595962893562
2059,0.0,0.31113673468550307,0.3060244688550454,0.26296870080084606,0.08977358733269013,0.030096508325915355
1009,1.0,0.21470172051052314,0.37536229687557254,0.17001196482822364,0.12797182345508623,0.11195219433059422
1317,4.0,0.05969219910458788,0.0833783284009322,0.07831205719935205,0.21126896119641633,0.5673484540987116
1305,1.0,0.20425866251810287,0.4168248829393183,0.1720990504278585,0.15694976107929612,0.049867643035424083
1428,4.0,0.030310424786754584,0.06187562030689887,0.07316904198332545,0.13272546532802373,0.7019194475949974
1106,1.0,0.16154585526953844,0.3716362059589818,0.10151735913789466,0.19890467363950673,0.1663959059940783
3112,0.0,0.30129291412235,0.28780052363748526,0.16335435723376565,0.16116911327368075,0.0863830917327183
1122,1.0,0.24490927071626964,0.4531996829801951,0.1649373676620071,0.10320855814981666,0.03374512049171137
2448,2.0,0.19256530180263545,0.2267970879785931,0.3213747434614596,0.18831272366302332,0.07095014309428857
2768,4.0,0.09088591073144783,0.06188032491981666,0.09531180451119577,0.19423473550281806,0.5576872243347216
3266,1.0,0.20880467447966433,0.3996171602873938,0.16138060289611467,0.16505444348896572,0.0651431188478615
2954,2.0,0.16324071369240178,0.23855996506574412,0.2676722493232534,0.18476495953731698,0.14576211238128367
1116,4.0,0.0030439492237424467,0.005261908890411584,0.019544208821737085,0.05180603849170796,0.920343894572401
3379,4.0,0.019086252557755458,0.05160317733618701,0.032637501127869235,0.09857883264651701,0.7980942363316713
2407,1.0,0.24246231932186324,0.443510411353052,0.13625221708908522,0.12277211690603822,0.055002935329961235
3233,0.0,0.516292794967494,0.20331107498228523,0.12317889113890078,0.13007354882495353,0.027143690086366523
1860,0.0,0.43106993539071886,0.2732286425037174,0.21265171123907273,0.06713624705761728,0.01591346380887364
2513,4.0,0.023941827552770058,0.013811089171322535,0.037221332350533314,0.10112099683430939,0.8239047540910648
2994,0.0,0.36288113530590765,0.17432178686525127,0.17921784695044649,0.14912915963366533,0.1344500712447294
2728,4.0,0.15418242745077806,0.10674242798419915,0.15122934517792286,0.24909919655711504,0.3387466028299848
1592,3.0,0.17873206754840007,0.0965326376457104,0.23480773222924153,0.2480850051054662,0.2418425574711819
1841,2.0,0.16468975002240546,0.23182412409522035,0.23248767031579842,0.17438238395637431,0.1966160716102014
1765,4.0,0.1209878229307872,0.06622393628086981,0.19245973987896975,0.22574783679589813,0.39458066411347514
2921,4.0,0.021178025046151083,0.03224625963208219,0.06544892928504906,0.0997548515358785,0.7813719345008391
2836,4.0,0.06387042341744766,0.05426914760107021,0.1370228272233472,0.1740830300059633,0.5707545717521717
1553,4.0,0.09664245599216875,0.11156938350262505,0.13804660016235548,0.2196012683172684,0.4341402920255824
1088,4.0,0.022931423166561833,0.021936270875152073,0.034068980622335016,0.10427501314978659,0.8167883121861645
2522,0.0,0.5707765284356072,0.2694409344048702,0.10207911848771024,0.05328406518068357,0.004419353491128771
3310,4.0,0.030114598022380312,0.03097389732507725,0.07463031562858745,0.12516664751167075,0.7391145415122842
2455,2.0,0.19719961425226476,0.11863485747074003,0.3171774919379692,0.21428704967922144,0.1527009866598045
2048,0.0,0.5324199019063894,0.20525350522867503,0.148841063561503,0.08814239473274495,0.025343134570687525
2091,1.0,0.21413696767727325,0.2975327194397987,0.12085641708691418,0.20238822348967442,0.16508567230633933
1907,4.0,0.1245476628619344,0.15405848803017785,0.21698846803716884,0.13174838825378543,0.37265699281693343
1544,0.0,0.3063986856629937,0.2411501005596144,0.1926959461734621,0.14726179655478436,0.11249347104914548
2587,4.0,0.07324256993275648,0.046625766031467265,0.15295019707796143,0.12279136721136837,0.6043900997464465
3125,4.0,0.005864208195852685,0.008466604087959581,0.026426098634696044,0.08349363066175365,0.8757494584197381
1495,2.0,0.1840388987194598,0.12014489150495967,0.3061599203978919,0.1954309496649844,0.19422533971270417
1890,0.0,0.3280326020126235,0.24408620630866978,0.17186192748600274,0.15657513139325419,0.09944413279944987
3165,4.0,0.10970961874886585,0.06184159482734692,0.1580584335656832,0.19632349012736547,0.4740668627307385
2399,4.0,0.09099728204024397,0.20079026200213304,0.1874717300644389,0.22347877281990208,0.297261953073282
3139,4.0,0.1235746178185232,0.1779193576746703,0.11215844070295748,0.20352746392164742,0.3828201198822016
1072,4.0,0.04462266158401818,0.11099071475327925,0.04913537841586846,0.14367832833383917,0.6515729169129949
1064,1.0,0.2615456682898483,0.2977351315986567,0.1816724808720304,0.15550280044379364,0.10354391879567103
1837,0.0,0.2957560457914721,0.24037095444545994,0.21457567317853732,0.15056687497874924,0.09873045160578144
2262,2.0,0.17772534950401997,0.11985208063664686,0.3328677028498076,0.16871039583727362,0.20084447117225207
1908,0.0,0.35712010424523355,0.19003711321914196,0.17987361175688255,0.18692003630081727,0.0860491344779248
2666,4.0,0.03706878641959801,0.030577048239613065,0.0793651705597358,0.11992221878353944,0.7330667759975137
2536,2.0,0.2550972267298689,0.13545359688230907,0.3291111910560573,0.12103252860626809,0.15930545672549662
1501,4.0,0.030892705650525123,0.02653496994903047,0.08063735851086441,0.17440706561392716,0.6875279002756528
1842,4.0,0.05994151117870985,0.12780415644956059,0.13474588603449214,0.24089715914717555,0.43661128719006187
2379,4.0,0.13438233613754158,0.11562813731397542,0.23205304047789832,0.18876234360299005,0.32917414246759463
2002,4.0,0.14818835312812056,0.2106924550750465,0.12724477513389132,0.2037752868258445,0.31009912983709714
2065,2.0,0.2821414368755658,0.23156035885496012,0.298704897626179,0.10833044807473984,0.07926285856855517
1206,0.0,0.4401183903431227,0.2878904871329954,0.11674112589241882,0.11421555773972784,0.041034438891735185
1903,4.0,0.16871460864250915,0.14026903686580072,0.13310728238570824,0.26280541182116635,0.29510366028481544
1680,4.0,0.10265502795048075,0.22765933017412202,0.16695116154031162,0.18234843120250546,0.3203860491325801
1558,0.0,0.4970004236656664,0.1930516896640448,0.21389014543363788,0.08852598900526613,0.007531752231384835
1378,0.0,0.37320303956701867,0.18953745731560961,0.30516798997464534,0.08941836270001302,0.042673150442713366
1536,0.0,0.28489097273382197,0.21758982049620113,0.16200325541030122,0.21726483263329405,0.11825111872638164
1818,0.0,0.40387425936956917,0.22681149444192478,0.24655936149297117,0.09750907077223608,0.025245813923298704
3246,4.0,0.041756558917204936,0.030194931462076375,0.09620835417925698,0.13776443988544623,0.6940757155560155
1199,4.0,0.058851493606955435,0.042249949065872976,0.07698362766190982,0.19406279473330024,0.6278521349319616
1562,4.0,0.07078093068416728,0.16146492011178662,0.08237828114424967,0.22398368859409817,0.4613921794656983
2527,1.0,0.1838755205639898,0.3104775253227141,0.16492321730026333,0.20489536350476792,0.13582837330826475
1591,4.0,0.033393981911607765,0.017526233896316894,0.04833289060075148,0.12888905623807215,0.7718578373532518
1520,4.0,0.13951178121271124,0.10877768498283705,0.16352742333354092,0.23464207670586482,0.35354103376504603
1309,4.0,0.026602188399757348,0.017380403608532116,0.08815422274020913,0.12914432234683612,0.7387188629046653
2934,4.0,0.0986907549565626,0.04939115160988947,0.0793236624484993,0.2411905034370751,0.5314039275479736
3333,0.0,0.3959482612967417,0.22155461464230763,0.21543197402838088,0.11831431968866626,0.048750830343903435
1708,4.0,0.09422652115123543,0.08184005467515625,0.19975533725487887,0.1827917485464259,0.4413863383723035
1060,0.0,0.2273613897817838,0.21727693645494042,0.12735907027105728,0.22561231414409585,0.20239028934812267
2390,2.0,0.19651722701630794,0.10731744379962335,0.3453331206970347,0.16019930267035654,0.1906329058166775
3198,2.0,0.21133978905355716,0.1662392086091197,0.3080406789183996,0.2118915311937494,0.10248879222517421
1208,4.0,0.05620968403468202,0.04950895765160668,0.13614937336685876,0.15640841851813347,0.601723566428719
2828,0.0,0.340483903371334,0.3040860197590359,0.2627074985626169,0.07957570997484015,0.013146868332173017
1701,0.0,0.3092001153572683,0.23871832995999653,0.1858476123035801,0.17500051378802695,0.09123342859112818
1734,4.0,0.022701130654116573,0.05692569565065346,0.04841135663780764,0.13591678514741193,0.7360450319100104
1163,1.0,0.2939611458815447,0.48622179103575774,0.11697389145084415,0.08027287790762175,0.022570293724231503
2178,2.0,0.2342631775403982,0.24751090431242026,0.251238261476995,0.2012367409753905,0.065750915694796
2962,0.0,0.3617214034178951,0.22265345773278464,0.12864868367013266,0.22092461793626791,0.06605183724291956
2395,0.0,0.2592007958147224,0.137132582089777,0.19656920357688853,0.15259471850983422,0.2545027000087777
1257,0.0,0.41361820953992656,0.28460801958554327,0.17114396315275654,0.10546050227353913,0.025169305448234425
1507,2.0,0.20902954007916053,0.2104143801402411,0.3887717214453521,0.12011851344273031,0.07166584489251605
2772,4.0,0.121522550737363,0.1593806021903851,0.16493965897035723,0.24315899195228724,0.3109981961496074
3008,0.0,0.39860938755619774,0.2925120880595963,0.18072127660425072,0.09269725757403752,0.035459990205917745
3135,4.0,0.15792125498876491,0.1391095532753488,0.1201639697560658,0.22996261629107784,0.3528426056887426
1696,4.0,0.028843674936335086,0.06624201476617259,0.08453019418781636,0.16950508631601813,0.6508790297936579
2507,2.0,0.32070970495732953,0.18700956688344822,0.322773223260732,0.12168434887301055,0.04782315602547968
1021,1.0,0.19051249089123057,0.24605282561220174,0.16119872794792625,0.20827331604289245,0.193962639505749
2895,0.0,0.24067248582618214,0.23990541375743143,0.18751305651872344,0.22089089762824757,0.1110181462694155
2382,4.0,0.1228625310138048,0.16904557835523493,0.1117150323740311,0.2946582886965463,0.30171856956038273
1382,4.0,0.03952438514354915,0.03616828811058268,0.14064343479976854,0.16709823708404842,0.6165656548620513
1539,4.0,0.017606403255867775,0.01620704592685822,0.04287710689267363,0.10960368008595268,0.8137057638386478
2289,1.0,0.33724867031608935,0.37039281445390987,0.17274612970597883,0.09071586817137245,0.02889651735264956
1737,0.0,0.3490688160243978,0.19268208806363457,0.12824649570748112,0.2282562798876553,0.10174632031683133
1084,4.0,0.10044260819323386,0.09598999360485022,0.16109397184404392,0.2329547594318849,0.40951866692598715
2867,1.0,0.22083812617362644,0.2866507435625761,0.1940295447609061,0.14045595241443692,0.1580256330884544
2084,4.0,0.13653416271258437,0.15731630302999952,0.11410812754516028,0.24104576703917754,0.3509956396730783
2898,4.0,0.09838764493117266,0.18089198974266543,0.11414538408161704,0.20185375718867962,0.40472122405586536
2944,2.0,0.2776824376893268,0.21464507669782137,0.2778886649902882,0.12091736502132958,0.10886645560123405
1271,4.0,0.13740118521755215,0.1623174883104003,0.15596112359106218,0.23453721866132374,0.30978298421966166
2969,1.0,0.31100954258803154,0.3185898150820579,0.16313487062777443,0.1350561762035846,0.07220959549855148
2851,4.0,0.12292046055258489,0.13526187533854295,0.257269556359177,0.21373097954604361,0.2708171282036515
2903,0.0,0.5327768285516762,0.2860734087609928,0.1455780403157454,0.03205012987216873,0.0035215924994168716
3303,4.0,0.06968708769893449,0.09555196085497376,0.08750540935462676,0.2217300699304635,0.5255254721610014
2540,0.0,0.33952825522514957,0.32256409613034503,0.22888443661748784,0.0818255098730272,0.027197702153990415
2201,0.0,0.2775023129302741,0.1473006234082644,0.24369575991234735,0.15755852921951152,0.17394277452960274
1430,2.0,0.2353855210581169,0.2019455412146366,0.2631330793019912,0.19468815886819027,0.10484769955706497
2062,1.0,0.3312994504275445,0.4833968149712298,0.13285538292217747,0.046735600461128665,0.005712751217919459
3179,4.0,0.057505268992448504,0.072712218791738,0.14550366088305855,0.26915287167391705,0.45512597965883794
3113,4.0,0.06132969947405848,0.06868682884863281,0.11638917061291187,0.21550456346199645,0.5380897376024004
1459,2.0,0.1296923847319982,0.10538860055379647,0.31310596552564646,0.19624456231595527,0.25556848687260364
1079,4.0,0.02443522351183305,0.03684526101909819,0.08241814912499269,0.12241971238811994,0.7338816539559561
2627,4.0,0.23124360130415833,0.1650143528635491,0.1944817706979716,0.1287287055382911,0.28053156959602993
1033,4.0,0.013477580986833793,0.019853583199344296,0.04476712187501706,0.12028543432649737,0.8016162796123075
1953,4.0,0.11277064278052097,0.1467093492459619,0.25550720868976456,0.15754291561425288,0.32746988366949975
1788,4.0,0.18223305162937686,0.19357825983539728,0.1816895315315801,0.17762441051733516,0.26487474648631054
3150,4.0,0.12220996296491349,0.19293067633787833,0.14799294390211012,0.21505614348987992,0.32181027330521816
